﻿{"cameraMode":{"drawMode":0,"name":"Shaded","section":"Shading Mode"},"sceneLighting":true,"audioPlay":false,"sceneViewState":{"showFog":true,"showMaterialUpdate":false,"showSkybox":true,"showFlares":true,"showImageEffects":true,"showParticleSystems":true},"in2DMode":false,"pivot":{"x":-3.448863983154297,"y":-4.175657749176025,"z":0.3246629536151886},"rotation":{"x":0.10016995668411255,"y":-0.896318793296814,"z":0.26015231013298037,"w":0.34496602416038515},"size":20.558414459228517,"orthographic":false}